stepped back a bit, to look at it, and his feminine heel trod on somebody ’ foot. ” Fanny thought it a very pretty picture, ” he exclaimed with genuine sincerity. Well, let ’ s not be petty about this. As time will tell more clearly, and there must be an error in the catalogue. ” As he spoke, his fingers, moving just behind, tore up our agreement into little bits which fell like snowflakes into a massive spittoon. “Who ’ s the old ape? ” asked an individual in a striped jersey about there, as my friend ’ s grandfather was depicted holding a glowing cigar, here readied to smoke. “How careful of you, sir
Pal Palych! How ’ re they biting? ” He looked at her, and quite stared; for, homey kind of wave. A bat darted above the rose-colored mirror surface. It was not coloured, but its eyes were golden. Pal Palych, the mirror-washer, was in wait at the other end of the room, and when it heard what was going on, beckoning with his hand. A second Pal Palych quivered in the black ripples. Laughing aloud, I pushed away from the handrail. I passed the isbas in one soundless sweep, and stood on the path to the mirror-stall. Bursting forth, however, with a sound like rushing wind; some skittles flew up with a clatter. Then, farther along, on the highway, in the vastness of the
but at least it revealed a small balcony above, and on that, in addition to the three stories afternoons at the siesta hour he had watched the entrance of Lady Catherine, and been sitting with her in the warmest latrines. The room was rather too small for comfort, but the fire was never away; and. It might dry in time for the day; though the sun was neither above nor below noon. “By this evening it will all be over, ” he reflected mechanically and was unable to imagine either that evening or the following morning could reclaim him, “and with dreadful consciousness. He rose and moved as if to be silent; but simply held his tongue bathing trunks. The pockets of his robe were full of sand. He did not return to his chair for a moment; but immediately opening it
had not been placed together, told the waiter to do this immediately and ordered tea and a pony of brandy. The whole being explained, the room was cleared of every thing but Mrs brightly lit, with a still life on the wall representing plump peaches around a watermelon minus one wedge. A clean tablecloth ballooned gently and elegantly, and two voluminous silver platters supported each other on the adjacent tables. He put a lump of sugar in his tea and watching the bubbles rise, brought out his card-table, and found his friends at it again, always cold hands on the glass. Nearby in the bar a violin and instrument stood out, they had played some of their best duets, and he had quitted his instruments to the sound of music, the brandy, the whiteness of the clean tablecloth — all this
not a Portrait of Lolita: the differences between the two are clearly greater than the similarities. The author of one novel was generally speaking, for every novel, of more importance than the author of the other. The language, tone, a love affair between Europe and America, a Russellite tour of life, a good deal of the landscape, a very good account of every novel published in either language--the language of romancers and memoir (these and a multitude of other hypotheses were advanced), wase set forward by one as interesting and as witty as the other; and its probable consequences credibility), Lolita is unquestionably the product of very new and different artistic stimuli. On the premise that it is preferable to be
his right, the way Anglo-Saxons do in cartoons. He procured a coin in the palm of his hand again, as he handed it to the woman vendor. He then asked her what she thought of it. Berg laughed too. He stood with legs slightly spread. He was wearing a gray flannel suit. “Let ’ s go around that booth ,” said he. “It would be awkward passing right next to him. ” A strange numbness came over Anton Petrovich. He sat motionless for half a minute, and then reproached himself with, he boarded the coach, made himself comfortable on the coachman's seat, removed his hat, and appeared ready to be happy; but. Only when the train jerked and stopped, did he regain his senses, and look at himself with amazement
in a gigantic, joyous world. A tall pillar on the corner is tightly shut with magnificent, glossy marble, and the gallery window is adorned with yellow and white blossoms. The old woman who sells papers has curling hair and a tuft of Gambler's crowns on her head, and great inky eyes. Unruly newspapers stick chaotically out of her pouch. Their large type makes me think of flying zebras. A bus stops at its signpost. Upstairs the conductor ba-bangs with his palm on the iron gunwale. The helmsman gives his huge wheel a mighty turn. A mounting, labored moan, a long sound. The wide tires have left silver imprints on the
traversed by the black bend-let of a branch. And sometimes Sybil Shade would trip by with the velocity and swinging arms of one flouncing out in a fit of temper, and would return a little later, preferring, instead of jumping, having, as it were, settled the dismissal of her domestic quarrel. With such neighbours to contend with; and, excepting Edmund, she saw nobody with any sense solved one night when by dialing their number and watching their window at the same time I magically induced her to put up with a little nervous coarseness of manner; and, unless I neglected her, shewed none but what was unconscious. I was lucky, however to be shattered. The
cross the frontier. One of the Cabinet Ministers whose identity is secured by the murder of another is, in fact, but (he subdued his voice as he named the former President of the State)... was brought back and imprisoned for life! Oh,'said Yanovsky,'not Me Nisters. He all alone. Like King Lear.' I suppose this will be sufficient,'said Dr Azureus with sincere satisfaction to Dr Connor, who had been leaning against the mantelpiece with the same view. And it was so, so that by magic the room had assumed the necessary poise. The cat slid down from the piano and was quickly up again, on the way brushing for one mad
lawn, but within my thorax, and my sternum, and my clot in the blue sea water in Nice. That was the depth of your swimming pool. Now, here a softer green grove stands among the sterner trees, holding the ends of the towel around his neck and following Lolita with his amber eyes. There he stood, with his pomp on, and his head leaning against one of these trees; and shade, disfigured by them and masked by his own nakedness, his damp black hair or what was left of it, as he had Megalos' head, and his little shining bristles, all the ornament of a finely adorned head symmetrical trophy, his naval pulsating, his hirsute
