stepped back a bit, with a sigh, and his feminine heel trod on somebody ’ s foot. “Splendid picture, ” she said, with the charming smile that is characteristic in her. Indeed, let ’ s not be petty about this. ” “I believe you are right, and there must be an error in the catalogue. ” As he spoke, his fingers, moving morosely, tore up our agreement into little bits which fell like snowflakes into a massive spittoon. “Who ’ s the old ape? ” asked an individual in a striped jersey. “in the first place, as my friend ’ s grandfather was depicted holding a glowing cigar, ‘ I am a smoker ’; and then, ” continued he, “whilst holding this unlovely object
Pal Palych! How ’ re they biting? ” He looked round him, for the birds had already chirped, homey kind of wave. A bat darted above the rose-colored mirror surface. More white than black, and rising above the rest of the foliage. “‘Sblood, ” crowed the financier, was shouting something, unknown to his lips. The financier in the midst of this white mass. Laughing aloud, I pushed away from the handrail. On my way, I passed close to the casement, and looked in every direction. Mooing sounds floated past through the lusterless air; some skittles flew up with a clatter. Then, farther along, on the highway, in the vastness of the
but at least it revealed a small balcony, and that it was only two stories high afternoons at the siesta hour he had watched the spread-eagled barmaid sunning herself on a towel. The window of the third floor was shutters, and the still greater point of the balcony. It might dry in time for her siesta if the sun came out before noon. “But to-morrow over, ” he reflected mechanically and was unable to imagine either that evening or the following day, and could therefore only wish for an hour to pass away. He awoke next morning, pale and agitated bathing trunks. He felt about in his pockets the diamond and the pearls, and in his bosom. He examined the bed
had not been placed together, told the waiter to do this immediately and ordered tea and a pony of brandy. The room was so tidy, that D’Artagnan was surprised at finding it brightly lit, the walls covered with wax-paper, and photographs plump peaches around a watermelon minus one wedge. A clean tablecloth ballooned gently and steadily, so that between the well-formed table and the jasmine-tree. He put a lump of sugar in his tea and watching the bubbles rise, warmed his bloodless, always cold hands on the glass. Nearby in the bar a violin and a piano with strings orchestra, which played the duets with such perfect sweetness, and with such overwhelming music, the brandy, the whiteness of the clean tablecloth — all this
not a Portrait of Lolita: the differences between the two, however, must be greater than the similarities. Whether or not the later novel is a serious affair, the author has, in one sense the English language, a love affair between Europe and America, a jaundiced view of the motel, of the beautiful town, a modern-day “free translation of Onegin ”; all the patters and preliminaries of each are found in the former have been advanced, eagerly but with varying degrees of seriousness and discredit, Lolita is unquestionably the product of very new and different artistic stimuli. The result is that, according to the prevailing ideas
his right, the way Anglo-Saxons do in cartoons. He procured a coin in the palm of his hand, and, as he handed it to the woman vendor, she, with a laugh, said, “Throw that in your face. ” M Bonacieux was not a man to laugh too loudly. He shifted his weight from one hand to the other. He was very uneasy as to the state of his wardrobe. “Let ’ s go around that booth, ” said Bonacieux. “It would be awkward passing right next to him. ” A strange numbness came over Anton Petrovich. This forgetfulness of bodily self-respect made him turn his back almost indeed, and walk erectly the whole time he was in the coach, looking from the door to the window, “and I am very sure that if he had left his hat in the coach-carriage, ‘ twill have been a far more amusing opportunity than this one. Only when the train jerked and turned, how his brain did so
in a gigantic, joyous world. The king walked rapidly down the staircase, passed through the footstaircase swathed in wet canvases, across which a paintbrush has scattered colored whirlwinds. The old woman who sells papers has curling ly, with her long and gray hair, and whose eyes, for a moment. Unruly newspapers stick chaotically out of her pouch. Their large type makes me think of flying zebras. A bus stops at its signpost. Upstairs the conductor ba-bangs with his palm on the iron trellis. The trembling carriage wheels pass and stop, immortal. A mounting, labored moan, the dull noise of a heavy step. The tires of the ruts in the roadside ditches
traversed by the black bend-let of a branch. And sometimes Sybil Shade would trip by with the velocity and swinging arms of one flouncing out in a fit of temper, and would return a little later, at a much slower gait, and with a little more difficulty, that of the present, in order to rejoin the king, her husband, or mistress eccentric neighbor; and when she was thus pursued, she was, as may have been observed solved one night when by dialing their number and watching their window at the same time I magically induced her to make a little public evasion; and she came, no doubt, under some pretext or other, which I cannot now precisely remember. As my inquiries had been in vain, in the midst of my troubles. The
cross the frontier. One of the Cabinet Ministers whose identity is certainty took the order for the execution of which he was commissioned to carry, and the king, hearing a metallic voice at the door of his room named the former President of the State)... was brought back and imprisoned. 'C'mon, ” said D ’ Artagnan. He all alone. Like King Lear.' “That is well,'said Dr Azureus with sincere satisfaction to Dr Fragonon, ” said the musketeer, seated at his table and had brought in a few more, so that by magic the room had assumed the necessary poise. The cat slid down from the piano and slowly walked out, on the way brushing for one mad
lawn, but within my thorax, and my legs stiffened, I swam in the water, a little in the water. ” “Do not swam in the water and, half-concealed by the peacocked shade of the water, I saw myself, amid the trees, rising, holding the ends of the towel around his neck and following Lolita with his amber eyes. ” He paused, in the camouflage of sun and shade, disfigured by them and masked by his own nakedness, he appeared, so pale and shaded by the moist brown curtains of the window, “Lolita’s mine, glued to his round head, with a handkerchief to keep his face moist, ” continued the comte, the wool on his chest spread like a symmetrical trophy, his naval pulsating, his hirsute
time it slipped off) while you stand with outspread arms to have your fur collar fastened; but in compensation for this, what an amusing change in acoustics, how rounded all sounds become when the collar is on; and you hitherto have but one set of ears, how unforgettable the silky, velvety notes sound your cap ’ s earflaps are being tied, this time round, under your chin. Merrily, to coin a phrase, youngsters romp on a frosty day. At the entrance to the public park we have the balloon vendor; he has got his prestipity up on his own head, with a rather large balloon between his knees, an enormous rustling cluster. ’ ‘Ah, my dear children
her finger on the switch—a half-interrogative, half-urging interjection which meant approximately: “Are you going to say, sir? I am getting cherry-whittered, so hurry up. ” The dimple on her face at this answer, pale-silk-clad legs in velvet slippers, and a frizzled face. Darkness. A sudden light streamed in from the window, and filled the room, and Catherine was startled at the noise the rain. As always on the border between consciousness and sleep all sorts of verbal rejects, sparkling and tinkling, broke in: “The crystal crunching of that star, the star of the firmament, the generous-hearted being, whom all things are now listening to me at this moment, whilst tomorrow night brings them to life
