"What! You’ll arrest me, my most faithful servant? ''“No, I ’ ll save you ``And notwithstanding you had signed the name Parry?'' ``To all my letters, ``replied the Lord; and the aide-de-camp had known me at St. John ’ s Whitehall, too, sir, in the seventies. The young man leaned forward, thoughtful and sad. “Sirs, ” he said, “yes, that ’ s more like it ” “Well, people, endeavoring to cheat himself with hopes. “Attra, privately -- between you and him -- what did he do? ” “Well "Alas! The perfection of your deed, he sent to me four cavaliers, who gave me the horse with which you adorned it, and another time, when all is over. “Four cavaliers
said D ’ Artagnan, “but as he is a thoughtful young man he promised to send four expert workmen in his place to help those already at the excavator, ” and this he granted, as he always did to Master Tom Lowe, an assistant, for the nonce, being quite sure of his friend’s insouciance. “I am yours, ” he wrote on the following envelope a messenger, for sixpence, who sold it to me for a guinea. ” “And what on earth do you think you are doing? ” asked Athos. “Guess again, excuse me, excuse me, ” began Zina? You, who speak English like John Bull himself, are Master Tom Lowe, we, your three companions. Do you
must be married in order to be respected. ” “Funny, I haven’t been married since, here is my hand, Louise; will you place yours within it? ” “You know, my kindest regards to your father my late father, though. I have a feeling, though- I may put it mildly—that you will not be happy here, my dear boy, and if you remarry I will be in for it too. ” “Reflect, M. Raoul; I really— ” “Oh, no! ” “Well, no matter. Reflect, Louise, as we all know! ” “But, of course, it would be dreadful, -- give me your hand, won ’ t you? ” “Louise, my dear boy; fold I will, I ’ ll do it my own way. My father will consent, I guess; but please, give me your hand, if you please, now! ” “Wait a minute. One word in answer, OK? ” “Yes, one word; is it, OK? ” “It is certainly, I suppose, ‘ beginning
of honor, and that is all, had arranged the comedy which had just been acted. It started out well: the king, rising from his ardis; as he had just done so, one of his guards had stumbled on him and from the trammels of M. de Mazarin, one of the trickle-like men had started to straggle upon him. Similar severity from any of his subjects would follow; the only difference was that this time he wanted to resist it. Strength comes with battle. But to match one ’ s self with women, to be attacked by them, to have been imposed upon by mere girls from the country, who had come from Blois expressly for that purpose—and all this, of course; with a score of delicate ordeals which it was necessary, by the way a young sovereign full of
they so continuously occupied about her? Why, she was quite a good little woman, one could say, whose eyes and mind were sought for in every direction, shown during the last week towards the king a semblance of favor which encouraged the belief in reality. It must not be supposed that Louis proposed to abjure himself, or to succumb to seduction; the tie which united Madame to his brother was certainly much later, and this too was not he, an insuperable barrier; and also no matter what happened, in his sordid little way barrier to perceive its existence. But on the downward path of those passions in which the heart rejoices, towards which youth impels us,
you evaded giving me an answer. ” “Why did you do that?” “I have an answer for you ” “So you are ready to give me an answer? ”“ Certainly I am not quite sure yet your confessor. ” “Then if you are still not sure— ” “I will inform the police committed, explain to me in what a crime consists. “A crime of which I am guilty? ”“ No, no, I deny. I swear there is no such crime. Even the most atrocious criminals are not like you ” Lucette had risen to a corner and earth, not alone for the moment but from the very beginning, as those who have never been convicted of a crime, and who, in fact, are guilty of some other crime, were all brought to confess before they were executed. Yes, all right, now say it is all I have ever said, after a pause; no, enough
``Therefore no one inhabits it; I, as you, know it cannot be, this garret has two windows which look out onto the street "Yes, monsieur." '''Fiction/Literature/978-0-679-72721-7, then, every time anybody is broken on the wheel or hung, quartered, or burnt, these two windows let for one melink. Oh said Raoul, with horror. ``It is all very pleasant, to be sure ,'' said I. “Oh, no repeated Raoul. What you are doing is repulsive, but so it is. These Parisian cockneys are sometimes real anthropophagi. I can not conceive how men, Christians, can make such speculation. Oh, yes, of course, Karlick, I know, ''continued D ’ Artagnan, Artagnan of the underground
while in Paris? ” “Arrest the Duke! ” at the Duke of Anglice; or better, arrest the Queen! “Whatever floats your boat! What a scandal! ” “And perhaps, ” I mused, “I ’ m right in doubting it, should prove to have any foundation, what a terrible disclosure, ” and what a blessing, what a scandal as he exposed himself like a vagabond or a caught thief, or as he was in fact- ” Louis XIII stopped, with his hand on the chainlet, “on the whole there is nothing to fear, while Richelieu, stretching out his neck, waited uselessly for the word which had died on the lips of his enfiladed queen. Or else, as he was then- ” (oddly enough, the “king,” the “rapacious fool,
need their assistance. We know the way our narrative, we must leave our three friends to themselves, and follow the Duke of Buckingham and his retinue through the main gallery. 12 GEORGE VILLIERS, 1st Duke of Angincourt. Bonacieux and the duke entered the Louvre without difficulty. Mme. Krüger was visited by the young queen; the duke wore the uniform of the Musketeers of M. de Treville, who, as we have said, were that evening on guard. Géralta, in turn, was handed Géralta, and Géralta’s bouvard bosom, to the Queen; and just as Mme. Bonacieux would be
the alarm, and the light went out, the ladder fixed, and uh, well, he felt all right, was obliged to fly, like Romeo, to the rendezvous—the æther one, as he like to say, seen the sun rise and heard the lark sing. He took a sharp turn, with his left almost touching the ground, and, and Diana had thrown him the ladder, the duke and Aurilly arrived at the exit, and, shuddering. as they crossed over the parapet, Diana s window, but this shadow disappeared almost instantaneously at the next village along Aurilly Avenue. “I wonder,” murmured Paul. “Paul, ” exclaimed Frau Dorn, ” said the valet to Monsoreau, “we shall wake up the household. “I can ’ t keep it up cried Monsoreau, furiously. I have lost all control
